,T500 pval,T1000 pval
0,0.3281408993483296,0.7272727272727273
