,T500 pval,T1000 pval
0,0.028342245989304817,0.8333333333333334
