,T500 pval,T1000 pval
0,0.00505050505050505,0.7202797202797203
