,preSlopes Mean,preSlopes std,postSlopes Mean,postSlopes std,ttest stat,pval,numsubs
0,-0.09850776821425782,1.307624841396524,-1.5794822809938127,2.1527860201601485,2.9556235622809583,0.005815788395077049,33
