,catgeory,Slopes Mean,Slopes std
0,Alpha,-1.5794822809938127,2.1527860201601485
1,Beta,-2.8707557091933786,10.72928259598151
2,Gamma,4.5443660976101246,7.8250199204263735
