,preSlopes Mean,preSlopes std,postSlopes Mean,postSlopes std,ttest stat,pval,numsubs
0,-0.098507768,1.307624841396524,-1.579482281,2.1527860201601485,2.9556235622809583,0.005815788,33
