stimId,response,counts,mean,std,min,25%,50%,75%,max
T1000,Beta,2.0,12252.0,33.94112549695428,12228.0,12240.0,12252.0,12264.0,12276.0
T1000,Gamma,4.0,12188.0,87.37657962329875,12134.0,12138.5,12150.0,12199.5,12318.0
T500,Alpha,1.0,12134.0,,12134.0,12134.0,12134.0,12134.0,12134.0
T500,Beta,5.0,12224.4,75.34454193901507,12140.0,12160.0,12228.0,12276.0,12318.0
