stimId,response,counts,mean,std,min,25%,50%,75%,max
T1000,Beta,2.0,12220.0,52.32590180780452,12183.0,12201.5,12220.0,12238.5,12257.0
T1000,Gamma,5.0,12243.6,76.8914819729728,12138.0,12198.0,12251.0,12312.0,12319.0
T500,Beta,7.0,12236.857142857143,67.30881213092526,12138.0,12190.5,12251.0,12284.5,12319.0
