stimId,response,counts,mean,std,min,25%,50%,75%,max
T1000,Beta,2.0,12190.0,2.8284271247461903,12188.0,12189.0,12190.0,12191.0,12192.0
T1000,Gamma,8.0,12227.375,73.78140977625345,12134.0,12162.25,12232.0,12287.75,12321.0
T500,Alpha,4.0,12216.5,79.53405978992062,12134.0,12155.75,12221.0,12281.75,12290.0
T500,Beta,6.0,12222.166666666666,65.2607590108073,12160.0,12185.75,12190.0,12263.25,12321.0
