stimId,response,counts,mean,std,min,25%,50%,75%,max
T1000,Beta,2.0,12160.0,38.18376618407357,12133.0,12146.5,12160.0,12173.5,12187.0
T1000,Gamma,7.0,12083.57142857143,351.42322876310516,11296.0,12167.5,12193.0,12224.0,12313.0
T500,Alpha,2.0,12161.5,40.30508652763321,12133.0,12147.25,12161.5,12175.75,12190.0
T500,Beta,7.0,12083.142857142857,351.2736011389738,11296.0,12166.0,12193.0,12224.0,12313.0
