stimId,response,counts,mean,std,min,25%,50%,75%,max
T1000,Beta,2.0,12243.0,19.79898987322333,12229.0,12236.0,12243.0,12250.0,12257.0
T1000,Gamma,6.0,12217.833333333334,58.03246217994431,12135.0,12188.25,12210.5,12266.5,12285.0
T500,Alpha,1.0,12229.0,,12229.0,12229.0,12229.0,12229.0,12229.0
T500,Beta,7.0,12223.42857142857,55.00562741773834,12135.0,12190.5,12226.0,12268.5,12285.0
