,catgeory,Slopes Mean,Slopes std
0,Alpha,-3.2250406773334137,1.810487700808992
1,Beta,-6.564926789082361,8.848434249053682
2,Gamma,7.181725259935465,8.496495920412746
