,catgeory,Slopes Mean,Slopes std
0,Alpha,-0.9754760799786306,2.134666671799921
1,Beta,-9.14005897811953,9.387925027798508
2,Gamma,3.8165464135060456,11.466301310373725
